{
    "name": "DEMO",
    "description": "",
    "enforceCompleteSnapshots": false,
    "propSheet": {"properties": []},
    "templatePropSheet": {
        "name": "template",
        "properties": []
    },
    "components": [{
        "name": "DEMO",
        "description": "",
        "created": 1532361267992,
        "componentType": "STANDARD",
        "ignoreQualifiers": 0,
        "importAutomatically": false,
        "useVfs": true,
        "active": true,
        "deleted": false,
        "defaultVersionType": "FULL",
        "cleanupDaysToKeep": 0,
        "cleanupCountToKeep": 0,
        "sourceConfigPluginName": "File System (Versioned)",
        "envPropDefs": [],
        "resPropDefs": [],
        "versionPropDefs": [{
            "name": "jenkins.server",
            "label": "jenkins.server",
            "pattern": "",
            "type": "TEXT",
            "required": false,
            "description": "",
            "placeholder": ""
        }],
        "propSheetGroup": {"propSheets": [
            {
                "name": "template",
                "properties": []
            },
            {
                "name": "FileSystemVersionedComponentProperties",
                "properties": [
                    {
                        "name": "basePath",
                        "value": "\/Users\/nhirt\/TEMP\/SRC\/",
                        "description": "",
                        "secure": false
                    },
                    {
                        "name": "excludes",
                        "description": "",
                        "secure": false
                    },
                    {
                        "name": "extensions",
                        "description": "",
                        "secure": false
                    },
                    {
                        "name": "includes",
                        "description": "",
                        "secure": false
                    },
                    {
                        "name": "saveFileExecuteBits",
                        "value": "false",
                        "description": "",
                        "secure": false
                    }
                ]
            },
            {
                "name": "custom",
                "properties": []
            }
        ]},
        "processes": [{
            "name": "deploy",
            "description": "",
            "defaultWorkingDir": "${p:resource\/work.dir}\/${p:component.name}",
            "takesVersion": true,
            "inventoryActionType": "ADD",
            "status": "Active",
            "configActionType": "ADD",
            "active": true,
            "path": "components\/164c7d95-b184-8e5f-9f99-48ab717dfe8e\/processes\/164c7d95-bc1b-afb1-2af5-32259b0e878d",
            "deleted": false,
            "propDefs": [],
            "rootActivity": {
                "edges": [
                    {
                        "to": "KUBE APPLY",
                        "from": "Download Artifacts",
                        "type": "SUCCESS",
                        "value": ""
                    },
                    {
                        "to": "a4522af481bad18fe40dcd11add73e",
                        "type": "ALWAYS",
                        "value": ""
                    },
                    {
                        "to": "Download Artifacts",
                        "from": "Delete Files and Directories",
                        "type": "SUCCESS",
                        "value": ""
                    },
                    {
                        "to": "Delete Files and Directories",
                        "type": "ALWAYS",
                        "value": ""
                    },
                    {
                        "to": "0c218be7e36069bc932d17d4399356",
                        "from": "KUBE APPLY",
                        "type": "SUCCESS",
                        "value": ""
                    },
                    {
                        "to": "0c218be7e36069bc932d17d4399356",
                        "from": "a4522af481bad18fe40dcd11add73e",
                        "type": "SUCCESS",
                        "value": ""
                    }
                ],
                "offsets": [
                    {
                        "name": "Delete Files and Directories",
                        "x": 47.5,
                        "y": 130,
                        "h": 70,
                        "w": 310
                    },
                    {
                        "name": "a4522af481bad18fe40dcd11add73e",
                        "x": -202.5,
                        "y": 140,
                        "h": 50,
                        "w": 220
                    },
                    {
                        "name": "0c218be7e36069bc932d17d4399356",
                        "x": -22.5,
                        "y": 490,
                        "h": 80,
                        "w": 120
                    },
                    {
                        "name": "Download Artifacts",
                        "x": 17.5,
                        "y": 250,
                        "h": 70,
                        "w": 260
                    },
                    {
                        "name": "KUBE APPLY",
                        "x": 12.5,
                        "y": 370,
                        "h": 70,
                        "w": 160
                    }
                ],
                "layoutMode": "auto",
                "type": "graph",
                "name": "bced402f-7726-4761-a7fb-05d9f6488537",
                "children": [
                    {
                        "type": "finish",
                        "name": "0c218be7e36069bc932d17d4399356",
                        "children": []
                    },
                    {
                        "allowFailure": false,
                        "useImpersonation": false,
                        "showHidden": false,
                        "impersonationUseSudo": false,
                        "pluginVersion": 30,
                        "commandName": "Download Artifacts",
                        "pluginName": "UrbanCode Deploy Versioned File Storage",
                        "authTokenRestriction": "20000001-0001-0001-0001-000000000000",
                        "properties": {
                            "directoryOffset": ".",
                            "artifactSetBaseDir": "",
                            "fileIncludePatterns": "deploy.yaml",
                            "fileExcludePatterns": "",
                            "syncMode": "true",
                            "fullVerification": "true",
                            "setFileExecuteBits": "false",
                            "verifyFileIntegrity": "false",
                            "versionId": "${p:version.id}",
                            "serverUrl": "${p:server.url}",
                            "compId": "${p:component.id}",
                            "resId": "${p:resource.id}",
                            "charset": "",
                            "label": ""
                        },
                        "cachedAuthTokenRestriction": {
                            "name": "System Default",
                            "description": "Used by default for any plugin steps without a specified token restriction",
                            "restrictions": [{
                                "verb": "ALL",
                                "url": "\/*"
                            }]
                        },
                        "type": "plugin",
                        "name": "Download Artifacts",
                        "children": []
                    },
                    {
                        "allowFailure": false,
                        "useImpersonation": false,
                        "showHidden": false,
                        "impersonationUseSudo": false,
                        "pluginVersion": 64,
                        "commandName": "Delete Files and Directories",
                        "pluginName": "File Utils",
                        "authTokenRestriction": "20000001-0001-0001-0001-000000000000",
                        "properties": {
                            "baseDir": ".",
                            "includes": "**\/*",
                            "excludes": "",
                            "followSymlinks": "false",
                            "caseSensitive": "true"
                        },
                        "cachedAuthTokenRestriction": {
                            "name": "System Default",
                            "description": "Used by default for any plugin steps without a specified token restriction",
                            "restrictions": [{
                                "verb": "ALL",
                                "url": "\/*"
                            }]
                        },
                        "type": "plugin",
                        "name": "Delete Files and Directories",
                        "children": []
                    },
                    {
                        "allowFailure": false,
                        "useImpersonation": false,
                        "showHidden": false,
                        "impersonationUseSudo": false,
                        "pluginVersion": 9,
                        "commandName": "Shell",
                        "pluginName": "Shell",
                        "authTokenRestriction": "20000001-0001-0001-0001-000000000000",
                        "properties": {
                            "directoryOffset": ".",
                            "shellInterpreter": "",
                            "scriptBody": "kubectl apply -f deploy.yaml",
                            "runAsDaemon": "false",
                            "outputFile": ""
                        },
                        "cachedAuthTokenRestriction": {
                            "name": "System Default",
                            "description": "Used by default for any plugin steps without a specified token restriction",
                            "restrictions": [{
                                "verb": "ALL",
                                "url": "\/*"
                            }]
                        },
                        "type": "plugin",
                        "name": "KUBE APPLY",
                        "children": []
                    },
                    {
                        "status": "SUCCESS",
                        "type": "setStatus",
                        "name": "a4522af481bad18fe40dcd11add73e",
                        "children": []
                    }
                ]
            }
        }],
        "configTemplates": [],
        "genericProcesses": [],
        "teamMappings": [],
        "tags": []
    }],
    "environments": [{
        "name": "DEMO",
        "description": "",
        "color": "#FDB813",
        "requireApprovals": false,
        "noSelfApprovals": false,
        "exemptProcesses": [],
        "lockSnapshots": false,
        "requireSnapshots": false,
        "cleanupDaysToKeep": 0,
        "cleanupCountToKeep": 0,
        "enableProcessHistoryCleanup": true,
        "useSystemDefaultDays": true,
        "historyCleanupDaysToKeep": 365,
        "order": 0,
        "active": true,
        "propSheet": {"properties": []},
        "templatePropSheet": {
            "name": "template",
            "properties": []
        },
        "baseResources": [{
            "path": "\/DEMO",
            "id": "164c845f-bdd3-adff-ce27-6cc14a297ece"
        }],
        "componentPropSheets": [{
            "properties": [],
            "componentName": "DEMO"
        }],
        "versionConditions": [],
        "teamMappings": []
    }],
    "statuses": [],
    "processes": [{
        "name": "deploy",
        "description": "",
        "inventoryManagementType": "AUTOMATIC",
        "offlineAgentHandling": "PRE_EXECUTION_CHECK",
        "rootActivity": {
            "edges": [
                {
                    "to": "a8ab2aa32c15beba7e2685afb3ac83",
                    "from": "3be218635e4882bbc47ca3263743cc",
                    "type": "SUCCESS",
                    "value": ""
                },
                {
                    "to": "3be218635e4882bbc47ca3263743cc",
                    "type": "ALWAYS",
                    "value": ""
                }
            ],
            "offsets": [
                {
                    "name": "a8ab2aa32c15beba7e2685afb3ac83",
                    "x": -5,
                    "y": 430,
                    "h": 80,
                    "w": 120
                },
                {
                    "name": "3be218635e4882bbc47ca3263743cc",
                    "x": -50,
                    "y": 230,
                    "h": 70,
                    "w": 190
                }
            ],
            "layoutMode": "auto",
            "type": "graph",
            "name": "ef4ec2ae-4eed-4330-b712-6de4102b9321",
            "children": [
                {
                    "type": "finish",
                    "name": "a8ab2aa32c15beba7e2685afb3ac83",
                    "children": []
                },
                {
                    "componentName": "DEMO",
                    "properties": [
                        {
                            "name": "maxIteration",
                            "value": "-1"
                        },
                        {
                            "name": "failFast",
                            "value": "false"
                        }
                    ],
                    "type": "componentEnvironmentIterator",
                    "name": "3be218635e4882bbc47ca3263743cc",
                    "children": [{
                        "componentName": "DEMO",
                        "status": "Active",
                        "type": "inventoryVersionDiff",
                        "name": "b0d27191-e9e8-49b1-9573-f03430de9b73",
                        "children": [{
                            "componentProcessName": "deploy",
                            "componentName": "DEMO",
                            "allowFailure": false,
                            "properties": {},
                            "type": "componentProcess",
                            "name": "Install: \"DEMO\"",
                            "children": []
                        }]
                    }]
                }
            ]
        },
        "propDefs": [],
        "versionPresets": []
    }],
    "genericProcesses": [],
    "teamMappings": [],
    "tags": [],
    "snapshots": [{
        "name": "INITIAL V1",
        "description": "",
        "propSheet": {"properties": []},
        "versions": [{
            "id": "c5605a8f-f0ac-46db-8177-b436b9e4ab3e",
            "name": "V1",
            "description": "",
            "type": "FULL",
            "created": 1532362235706,
            "active": true,
            "archived": false,
            "sizeOnDisk": 8192,
            "properties": [{
                "id": "164c7e81-f4ed-3d29-cc1d-615788735699",
                "name": "jenkins.server",
                "value": "",
                "description": "",
                "secure": false
            }],
            "propSheets": [{
                "id": "164c7e81-f4db-7766-3171-29f12223f969",
                "path": "components\/164c7d95-b184-8e5f-9f99-48ab717dfe8e\/versions\/c5605a8f-f0ac-46db-8177-b436b9e4ab3e\/propSheetGroup\/propSheets\/164c7e81-f4db-7766-3171-29f12223f969",
                "version": 2,
                "versionCount": 2,
                "commit": 14,
                "versioned": true,
                "propSheetDef": {
                    "id": "164c7d95-b1c3-5331-2d0f-6549a5543a3d",
                    "path": "components\/164c7d95-b184-8e5f-9f99-48ab717dfe8e\/versionPropSheetDef",
                    "version": 1,
                    "versionCount": 1,
                    "commit": 7,
                    "resolveHttpValuesUrl": "property\/propSheetDef\/components%26164c7d95-b184-8e5f-9f99-48ab717dfe8e%26versionPropSheetDef.-1\/resolveHttpValues",
                    "versioned": true
                },
                "properties": [{
                    "id": "164c7e81-f4ed-3d29-cc1d-615788735699",
                    "name": "jenkins.server",
                    "value": "",
                    "description": "",
                    "secure": false,
                    "inherited": false
                }]
            }],
            "totalSize": 1179,
            "totalCount": 1,
            "component": {
                "id": "164c7d95-b184-8e5f-9f99-48ab717dfe8e",
                "securityResourceId": "164c7d95-b164-4cab-0b3e-af9f71d96914",
                "name": "DEMO",
                "description": "",
                "created": 1532361267992,
                "componentType": "STANDARD",
                "ignoreQualifiers": 0,
                "importAutomatically": false,
                "useVfs": true,
                "active": true,
                "integrationFailed": false,
                "deleted": false,
                "defaultVersionType": "FULL",
                "cleanupDaysToKeep": 0,
                "cleanupCountToKeep": 0,
                "tags": [],
                "user": "admin",
                "security": {
                    "read": true,
                    "Create Components": true,
                    "Create Components From Template": true,
                    "Delete": true,
                    "Edit Basic Settings": true,
                    "Edit Components": true,
                    "Manage Configuration Templates": true,
                    "Manage Processes": true,
                    "Manage Properties": true,
                    "Manage Teams": true,
                    "Manage Versions": true,
                    "View Components": true
                }
            },
            "creator": "UC Version Import",
            "statuses": []
        }]
    }],
    "automationPlugins": [
        {
            "id": "164c7d19-85d2-af56-7a7e-2fea7547a739",
            "pluginId": "com.urbancode.air.plugin.Shell",
            "name": "Shell",
            "description": "The Shell plugin allows users to run custom shell scripts during the deployment process.",
            "version": "9.858557",
            "versionNumber": 9,
            "ghostedDate": 0
        },
        {
            "id": "164c7d19-549c-c8bc-207c-58014dfe1e85",
            "pluginId": "com.urbancode.plugin.VFS",
            "name": "UrbanCode Deploy Versioned File Storage",
            "description": "A plugin to allow UrbanCode Deploy to upload artifacts to CodeStation.",
            "version": "30.972885",
            "versionNumber": 30,
            "ghostedDate": 0
        },
        {
            "id": "164c7d1a-308a-bbe1-fb68-35b319d2677d",
            "pluginId": "com.urbancode.air.plugin.FileUtils",
            "name": "File Utils",
            "description": "The File Utils plug-in includes steps, such as deleting or creating directories and replacing tokens in a file, that perform folder-level and file-level tasks as part of a deployment process.",
            "version": "64.970423",
            "versionNumber": 64,
            "ghostedDate": 0
        }
    ],
    "sourceConfigPlugins": [{
        "id": "164c7d20-00d2-2a80-60b7-a76377c3a2a5",
        "pluginId": "com.urbancode.air.plugin.source.fileSystemVersioned",
        "name": "File System (Versioned)",
        "description": "The File System Versioned plugin automates uploading artifacts from a versioned file system.",
        "version": "8.903289",
        "versionNumber": 8,
        "ghostedDate": 0,
        "componentPropSheetDef": {
            "id": "164c7d20-00e4-329b-ae07-2989004f475e",
            "name": "FileSystemVersionedComponentProperties",
            "versioned": false,
            "resolveHttpValuesUrl": "property\/propSheetDef\/164c7d20-00e4-329b-ae07-2989004f475e\/resolveHttpValues"
        },
        "importPropSheetDef": {
            "id": "164c7d20-00fc-1f70-2ccd-c1bd18be6fdd",
            "versioned": false,
            "resolveHttpValuesUrl": "property\/propSheetDef\/164c7d20-00fc-1f70-2ccd-c1bd18be6fdd\/resolveHttpValues"
        },
        "componentPropDefs": [
            {
                "id": "164c7d20-0120-3146-3c9e-1edd1df6c1d9",
                "name": "basePath",
                "label": "Base Path",
                "type": "TEXT",
                "value": "",
                "required": true,
                "description": "Specify the path to the directory that contains the artifacts. The content of each subdirectory within this base directory is considered a distinct component version. The subdirectory with the most recent timestamp is considered to be the latest version.",
                "placeholder": "\/home\/user\/components",
                "inherited": false
            },
            {
                "id": "164c7d20-0325-a997-ed1b-9bb55f5fa145",
                "name": "saveFileExecuteBits",
                "label": "Preserve Execute Permissions",
                "type": "CHECKBOX",
                "value": "",
                "required": false,
                "description": "For Linux and UNIX operating systems, select this check box to retain the execute permissions for each file.",
                "inherited": false
            },
            {
                "id": "164c7d20-04fa-20fa-3bcf-37570f417580",
                "name": "extensions",
                "label": "Text File Extensions",
                "type": "TEXT",
                "value": "",
                "required": false,
                "description": "If text-type files must be converted into another character set, type the list of file extensions to be converted. Matching file types are converted into the default character set of the system where the agent is located. Separate list items with commas.",
                "placeholder": ".txt,.log,.properties",
                "inherited": false
            },
            {
                "id": "164c7d20-073f-1712-e2ca-5afe725258b7",
                "name": "includes",
                "label": "Include Files",
                "type": "TEXTAREA",
                "value": "",
                "required": false,
                "description": "Files included in the version upload. The default setting of **\/* uploads all files. Separate files with commas or newline characters.",
                "placeholder": "**\/*",
                "inherited": false
            },
            {
                "id": "164c7d20-08df-431a-8e97-6eef060ba87a",
                "name": "excludes",
                "label": "Exclude Files",
                "type": "TEXTAREA",
                "value": "",
                "required": false,
                "description": "Files excluded in the version upload. Separate files with commas or newline characters.",
                "inherited": false
            }
        ],
        "importPropDefs": []
    }]
}